{
    "北京市": [116.46, 39.92],
    "天津市": [117.2, 39.13],
    "河北省": [114.48, 38.03],
    "山西省": [112.53, 37.87],
    "内蒙古自治区": [118.87, 42.28],
    "辽宁省": [123.38, 41.8],
    "吉林省": [125.35, 43.88],
    "黑龙江省": [126.63, 45.75],
    "上海市": [121.48, 31.22],
    "江苏省": [118.78333, 32.05000],
    "浙江省": [120.19, 30.26],
    "安徽省": [117.27, 31.86],
    "福建省": [118.1, 24.46],
    "江西省": [115.89, 28.68],
    "山东省": [117, 36.65],
    "广东省": [113.23, 23.16],
    "广西壮族自治区": [110.28, 25.29],
    "海南省": [110.35, 20.02],
    "河南省": [113.65, 34.76],
    "湖北省": [114.31, 30.52],
    "湖南省": [113, 28.21],
    "重庆市": [106.54, 29.59],
    "四川省": [104.06, 30.67],
    "贵州省": [106.71, 26.57],
    "云南省": [102.73, 25.04],
    "西藏自治区":[91.11,29.97],
    "陕西省": [109.47, 36.6],
    "甘肃省": [103.73, 36.03],
    "青海省": [101.74, 36.56],
    "宁夏回族自治区": [106.27, 38.47],
    "新疆维吾尔族自治区": [87.68, 43.77],
    "香港特别行政区":[114.186124, 22.293586],
    "澳门特别行政区":[    113.557519,    22.204118],
    "台湾省":[121.973871, 24.086957]
}
